epoch,accuracy,meanError
1,0.5,0.498558
2,0.5,0.497398
3,0.525,0.442704
4,0.975,0.00757395
5,1,0.0055115
6,1,0.0051828
7,1,0.00459447
8,1,0.003924
9,1,0.00331644
10,1,0.00281139
1,1,0.00418243
2,1,0.00342037
3,1,0.00314631
4,1,0.00296447
5,1,0.00281374
6,1,0.00268018
7,1,0.00255927
8,1,0.00244885
9,1,0.0023475
10,1,0.00225412
